<?xml version="1.0" encoding="UTF-8"?>
<beans xmlns="http://www.springframework.org/schema/beans"
	xmlns:xsi="http://www.w3.org/2001/XMLSchema-instance"
	xsi:schemaLocation="http://www.springframework.org/schema/beans http://www.springframework.org/schema/beans/spring-beans-3.0.xsd">
	<bean id="jndiTemplate" class="org.springframework.jndi.JndiTemplate">
		<property name="environment">
			<props>
				<prop key="java.naming.factory.initial">org.apache.activemq.jndi.ActiveMQInitialContextFactory
				</prop>
				<prop key="java.naming.provider.url">tcp://localhost:61616</prop>
			</props>
		</property>
	</bean>
	<bean id="internalcf" class="org.springframework.jndi.JndiObjectFactoryBean">
		<property name="jndiTemplate" ref="jndiTemplate" />
		<property name="jndiName" value="connectionFactory" />
	</bean>
	<bean id="mycf"
		class="org.springframework.jms.connection.SingleConnectionFactory">
		<property name="targetConnectionFactory" ref="internalcf" />
	</bean>

	<bean id="destResolver"
		class="org.springframework.jms.support.destination.JndiDestinationResolver">
		<property name="jndiTemplate" ref="jndiTemplate" />
		<property name="cache" value="true" />
	</bean>

	<bean id="jmsTemplate" class="org.springframework.jms.core.JmsTemplate">
		<property name="connectionFactory" ref="mycf" />
		<property name="destinationResolver" ref="destResolver" />
		<property name="pubSubDomain" value="false" />
	</bean>
	
	
	<bean id="myQueue" class="org.springframework.jndi.JndiObjectFactoryBean">
		<property name="jndiTemplate" ref="jndiTemplate" />
		<property name="jndiName" value="myQueue" />
	</bean>
	
	<bean id="myListener" class="jms.MyMessageListener" />
	<bean
		class="org.springframework.jms.listener.DefaultMessageListenerContainer">
		<property name="connectionFactory" ref="mycf" />
		<property name="destination" ref="myQueue" />
		<property name="messageListener" ref="myListener" />
	</bean>
</beans>
